{
    "farkle_counts": {
        "1": 4,
        "2": 16,
        "3": 60,
        "4": 204,
        "5": 600,
        "6": 1440
    },
    "farkle_probs": {
        "1": 0.6666666666666666,
        "2": 0.4444444444444444,
        "3": 0.2777777777777778,
        "4": 0.1574074074074074,
        "5": 0.07716049382716049,
        "6": 0.030864197530864196
    }
}